customerID,Actual_Churn,Predicted_Churn,Churn_Prob,Risk_Level
1024-GUALD,1,1,0.650558514,Medium Risk
0484-JPBRU,0,0,0.058289432,Low Risk
3620-EHIMZ,0,0,0.004669888,Low Risk
6910-HADCM,1,1,0.580738274,Medium Risk
8587-XYZSF,0,0,0.005488547,Low Risk
6818-WOBHJ,1,0,0.307265041,Low Risk
3082-YVEKW,0,0,0.049278258,Low Risk
4737-AQCPU,0,0,0.004155868,Low Risk
4853-RULSV,1,0,0.055852534,Low Risk
5766-ZJYBB,1,0,0.213358966,Low Risk
2668-TZSPS,0,0,0.217305951,Low Risk
3192-LNKRK,0,0,0.422005741,Medium Risk
5315-CKEQK,0,0,0.160697937,Low Risk
5914-DVBWJ,1,0,0.499022294,Medium Risk
7998-ZLXWN,0,0,0.124291998,Low Risk
6328-ZPBGN,1,1,0.770380201,High Risk
9530-EHPOH,1,0,0.328953369,Low Risk
1853-UDXBW,1,1,0.629550917,Medium Risk
2672-TGEFF,0,0,0.433575373,Medium Risk
1902-XBTFB,1,0,0.442657987,Medium Risk
1640-PLFMP,0,1,0.668825474,Medium Risk
3679-XASPY,0,0,0.193801566,Low Risk
7356-IWLFW,0,0,0.27474684,Low Risk
9036-CSKBW,0,0,0.151677952,Low Risk
8952-WCVCD,0,0,0.201847773,Low Risk
2100-BDNSN,1,0,0.337100457,Low Risk
2869-ADAWR,1,0,0.389860746,Low Risk
5832-EXGTT,0,0,0.196199179,Low Risk
9402-ORRAH,0,1,0.730387296,High Risk
4967-WPNCF,0,0,0.011965454,Low Risk
8033-VCZGH,0,0,0.255077785,Low Risk
9392-XBGTD,0,0,0.014619263,Low Risk
0078-XZMHT,0,0,0.023932428,Low Risk
0743-HNPFG,0,0,0.028015687,Low Risk
5334-JLAXU,0,0,0.238772999,Low Risk
5696-EXCYS,0,0,0.024908278,Low Risk
2569-WGERO,0,0,0.002432022,Low Risk
5219-YIPTK,1,1,0.604590145,Medium Risk
5553-AOINX,0,0,0.239803138,Low Risk
5502-RLUYV,1,0,0.348310528,Low Risk
2058-DCJBE,1,1,0.620573589,Medium Risk
2293-IJWPS,0,0,0.323436505,Low Risk
7130-VTEWQ,1,1,0.711910617,High Risk
0080-EMYVY,0,0,0.127715254,Low Risk
0148-DCDOS,1,1,0.642306217,Medium Risk
9170-ARBTB,0,0,0.008646462,Low Risk
2070-FNEXE,1,0,0.439352046,Medium Risk
5364-EVNIB,1,0,0.496766393,Medium Risk
1112-CUNAO,1,1,0.617119939,Medium Risk
4576-CSAJH,1,0,0.085899812,Low Risk
9967-ATRFS,0,0,0.10563371,Low Risk
1360-RCYRT,0,0,0.239247356,Low Risk
5038-ETMLM,0,0,0.054074934,Low Risk
5663-QBGIS,0,0,0.074699397,Low Risk
4194-WHFCB,0,0,0.231530481,Low Risk
9481-WHGWY,0,0,0.008555187,Low Risk
5453-YBTWV,0,0,0.022653724,Low Risk
2018-PZKMU,0,1,0.522237903,Medium Risk
9277-JOOMO,0,0,0.251458258,Low Risk
3629-ZNKXA,0,1,0.666693484,Medium Risk
0369-ZGOVK,0,0,0.230662091,Low Risk
3604-WLABM,0,0,0.221101535,Low Risk
4063-EIKNQ,0,0,0.11524672,Low Risk
2878-RMWXY,0,0,0.072233952,Low Risk
9540-JYROE,1,1,0.61180797,Medium Risk
7515-LODFU,0,0,0.002332227,Low Risk
1839-FBNFR,0,0,0.010957595,Low Risk
5397-NSKQG,0,0,0.015073446,Low Risk
1755-FZQEC,0,0,0.019781343,Low Risk
2160-GPFXD,0,0,0.010733507,Low Risk
4415-IJZTP,1,1,0.718586667,High Risk
9880-TDQAC,0,0,0.019477881,Low Risk
5138-WVKYJ,1,1,0.572832886,Medium Risk
8844-TONUD,1,1,0.669706323,Medium Risk
0080-OROZO,0,0,0.284428194,Low Risk
0953-LGOVU,0,0,0.26964758,Low Risk
5325-UWTWJ,0,0,0.268826492,Low Risk
1074-AMIOH,0,0,0.300459102,Low Risk
5906-BFOZT,0,0,0.278895863,Low Risk
7026-YMSBE,0,0,0.030515741,Low Risk
6572-ADKRS,0,0,0.285716868,Low Risk
5922-ABDVO,1,1,0.610653616,Medium Risk
6475-VHUIZ,0,0,0.151805889,Low Risk
1324-NLTJE,1,0,0.259255899,Low Risk
4361-FEBGN,0,0,0.005560568,Low Risk
8393-DLHGA,1,1,0.527775104,Medium Risk
6769-DCQLI,1,0,0.1580815,Low Risk
3018-TFTSU,1,0,0.333724215,Low Risk
2324-AALNO,0,0,0.015367118,Low Risk
2300-RQGOI,0,0,0.010548396,Low Risk
6133-OZILE,0,0,0.337485251,Low Risk
7605-SNLQG,0,0,0.12708374,Low Risk
5348-CAGXB,0,1,0.665342472,Medium Risk
0201-MIBOL,0,0,0.10209368,Low Risk
7083-MIOPC,0,0,0.001849831,Low Risk
0562-KBDVM,0,0,0.005968597,Low Risk
1173-NOEYG,0,1,0.508968011,Medium Risk
7698-YFGEZ,0,0,0.215607958,Low Risk
9061-TIHDA,1,1,0.786968515,High Risk
0016-QLJIS,0,0,0.020619312,Low Risk
7296-PIXQY,0,0,0.447989313,Medium Risk
9102-IAYHT,1,1,0.65603902,Medium Risk
6447-EGDIV,0,0,0.031713752,Low Risk
3460-TJBWI,0,0,0.023126179,Low Risk
3744-ZBHON,0,0,0.199394741,Low Risk
1092-GANHU,1,1,0.524996843,Medium Risk
3948-KXDUF,0,0,0.004855677,Low Risk
7284-ZZLOH,0,0,0.01347068,Low Risk
6745-JEFZB,0,0,0.437129032,Medium Risk
2606-PKWJB,0,0,0.029057344,Low Risk
1624-WOIWJ,1,1,0.545305102,Medium Risk
8777-PVYGU,0,0,0.051966757,Low Risk
4770-QAZXN,0,0,0.122676059,Low Risk
8012-SOUDQ,0,0,0.46654689,Medium Risk
5546-BYZSM,0,0,0.036346207,Low Risk
0523-VNGTF,0,0,0.139233466,Low Risk
3779-OSWCF,0,0,0.014039516,Low Risk
8535-SFUTN,0,0,0.339736134,Low Risk
2320-SLKMB,0,0,0.302241073,Low Risk
7169-YWAMK,0,0,0.003429151,Low Risk
8434-PNQZX,0,0,0.06359143,Low Risk
4981-FLTMF,0,0,0.02776211,Low Risk
9424-CMPOG,0,0,0.036470569,Low Risk
3627-FCRDW,1,1,0.523779668,Medium Risk
1518-OMDIK,0,0,0.183136199,Low Risk
8393-JMVMB,0,0,0.213545727,Low Risk
7638-QVMVY,1,1,0.659705487,Medium Risk
6140-QNRQQ,1,1,0.676471939,Medium Risk
7969-FFOWG,0,0,0.002367817,Low Risk
1342-JPNKI,1,1,0.671352328,Medium Risk
7080-TNUWP,0,0,0.130102376,Low Risk
8949-JTMAY,1,1,0.636145684,Medium Risk
0654-HMSHN,1,1,0.534755809,Medium Risk
2725-KXXWT,1,1,0.774167885,High Risk
2439-QKJUL,0,0,0.185277976,Low Risk
1935-IMVBB,0,0,0.320516814,Low Risk
4628-WQCQQ,1,0,0.235519165,Low Risk
3724-BSCVH,0,0,0.071473333,Low Risk
7605-BDWDC,0,0,0.045409344,Low Risk
7137-RYLPP,1,1,0.559855762,Medium Risk
3207-OYBWH,1,0,0.379693291,Low Risk
4707-YNOQA,0,0,0.040965459,Low Risk
6956-SMUCM,1,1,0.630203693,Medium Risk
8714-CTZJW,0,1,0.678271463,Medium Risk
3662-FXJFO,0,0,0.006847298,Low Risk
7623-HKYRK,0,0,0.149439143,Low Risk
1353-GHZOS,0,0,0.12084558,Low Risk
3323-CPBWR,0,0,0.492042235,Medium Risk
6152-ONASV,0,0,0.011333266,Low Risk
9251-AWQGT,0,0,0.005741319,Low Risk
4803-LBYPN,0,0,0.045915413,Low Risk
8879-ZKJOF,0,0,0.065033169,Low Risk
7354-OIJLX,0,1,0.658806644,Medium Risk
9129-UXERG,0,1,0.615597448,Medium Risk
5302-BDJNT,0,0,0.344046474,Low Risk
7148-XZPHA,0,0,0.095933092,Low Risk
2651-ZCBXV,0,0,0.070203749,Low Risk
1304-NECVQ,1,1,0.732685129,High Risk
3374-TTZTK,0,0,0.05977624,Low Risk
0229-LFJAF,0,0,0.004053535,Low Risk
1304-BCCFO,0,1,0.534073091,Medium Risk
0455-XFASS,0,1,0.621948324,Medium Risk
0221-WMXNQ,0,0,0.473844428,Medium Risk
2882-WDTBA,0,0,0.006669547,Low Risk
8069-RHUXK,0,0,0.005304369,Low Risk
4806-KEXQR,1,1,0.70021411,High Risk
2817-NTQDO,1,0,0.323877865,Low Risk
3230-IUALN,0,0,0.02988664,Low Risk
6500-JVEGC,0,0,0.07447632,Low Risk
7103-ZGVNT,0,0,0.012123558,Low Risk
1837-YQUCE,0,0,0.015776942,Low Risk
4800-VHZKI,1,0,0.291104166,Low Risk
3887-PBQAO,0,0,0.024886453,Low Risk
5177-RVZNU,0,0,0.016222218,Low Risk
1729-VLAZJ,0,0,0.106256084,Low Risk
4273-MBHYA,0,1,0.728114102,High Risk
8690-UPCZI,0,0,0.051072695,Low Risk
6374-NTQLP,0,0,0.042279568,Low Risk
1618-CFHME,1,1,0.717575949,High Risk
4104-PVRPS,0,0,0.101434263,Low Risk
4210-QFJMF,1,1,0.707005268,High Risk
5787-KXGIY,0,0,0.001725002,Low Risk
3088-LHEFH,0,1,0.507002657,Medium Risk
8896-RAZCR,0,0,0.006491849,Low Risk
7268-WNTCP,0,0,0.002387041,Low Risk
5854-KSRBJ,0,0,0.002676449,Low Risk
9907-SWKKF,1,1,0.606324379,Medium Risk
3932-CMDTD,1,0,0.438232168,Medium Risk
5277-ZLOOR,1,1,0.786358993,High Risk
2746-DIJLO,0,0,0.087084302,Low Risk
9174-FKWZE,1,0,0.314139717,Low Risk
9919-FZDED,0,0,0.025092052,Low Risk
9488-FYQAU,0,0,0.094894632,Low Risk
6869-FGJJC,0,0,0.050698926,Low Risk
3349-ANQNH,0,0,0.321961173,Low Risk
0222-CNVPT,0,0,0.18364037,Low Risk
6900-PXRMS,1,1,0.555899047,Medium Risk
0230-WEQUW,0,0,0.011753401,Low Risk
7629-WFGLW,0,0,0.074842189,Low Risk
2235-EZAIK,0,0,0.006677023,Low Risk
5119-NZPTV,0,1,0.625351454,Medium Risk
4282-MSACW,0,0,0.125564422,Low Risk
7711-YIJWC,0,0,0.019125965,Low Risk
8749-CLJXC,0,0,0.215796148,Low Risk
7636-XUHWW,0,0,0.248640303,Low Risk
0883-EIBTI,1,0,0.213622308,Low Risk
4098-NAUKP,0,0,0.195681796,Low Risk
0701-TJSEF,0,0,0.228673223,Low Risk
0689-NKYLF,1,1,0.589889874,Medium Risk
9867-NNXLC,0,0,0.128241891,Low Risk
9337-SRRNI,0,0,0.003798533,Low Risk
1850-AKQEP,0,0,0.139910469,Low Risk
5600-KTXFM,0,1,0.549600983,Medium Risk
7055-HNEOJ,0,0,0.371414976,Low Risk
2462-XIIJB,1,1,0.726672499,High Risk
7277-KAMWT,0,0,0.030376362,Low Risk
7691-KGKGP,0,0,0.046926206,Low Risk
7808-DVWEP,0,0,0.184174292,Low Risk
2379-GYFLQ,0,0,0.229556091,Low Risk
7325-ENZFI,0,0,0.046991163,Low Risk
8800-ZKRFW,0,0,0.475838925,Medium Risk
9133-AYJZG,0,1,0.634708839,Medium Risk
6772-WFQRD,0,0,0.019105769,Low Risk
9670-BPNXF,0,0,0.027878692,Low Risk
2675-IJRGJ,0,0,0.003946609,Low Risk
4829-ZLJTK,0,0,0.107040358,Low Risk
9950-MTGYX,0,0,0.018265781,Low Risk
9755-JHNMN,0,0,0.00795979,Low Risk
3746-EUBYR,1,1,0.700654032,High Risk
7929-DMBCV,0,0,0.450450083,Medium Risk
9640-ZSLDC,0,0,0.045751282,Low Risk
7197-VOJMM,0,0,0.008821517,Low Risk
2696-NARTR,1,0,0.476040322,Medium Risk
0689-DSXGL,0,0,0.108549172,Low Risk
7294-TMAOP,1,1,0.700681759,High Risk
6177-PEVRA,0,0,0.01110789,Low Risk
7410-YTJIK,1,1,0.609717274,Medium Risk
1410-RSCMR,0,0,0.247134267,Low Risk
8800-JOOCF,0,1,0.638918181,Medium Risk
4526-EXKKN,0,0,0.017216648,Low Risk
0813-TAXXS,0,0,0.060388819,Low Risk
2320-TZRRH,0,0,0.051000079,Low Risk
0841-NULXI,1,1,0.692672371,Medium Risk
2725-TTRIQ,0,0,0.014220409,Low Risk
4778-IZARL,0,0,0.04775647,Low Risk
2535-PBCGC,0,0,0.01098821,Low Risk
3629-WEAAM,0,0,0.305829026,Low Risk
6128-CZOMY,1,0,0.48144881,Medium Risk
9227-UAQFT,0,0,0.028866245,Low Risk
0804-XBFBV,0,0,0.387792006,Low Risk
4503-BDXBD,1,0,0.438776798,Medium Risk
9626-VFRGG,0,0,0.354861388,Low Risk
4994-OBRSZ,0,0,0.029230068,Low Risk
3654-ARMGP,0,0,0.025957479,Low Risk
0829-XXPLX,0,0,0.424379026,Medium Risk
8938-UMKPI,1,1,0.52604348,Medium Risk
4854-SSLTN,0,0,0.041548206,Low Risk
9720-JJJOR,0,0,0.034608105,Low Risk
1926-QUZNN,0,0,0.003710663,Low Risk
4900-MSOMT,0,0,0.005817413,Low Risk
8910-ICHIU,0,0,0.14190928,Low Risk
4892-VLANZ,1,0,0.214856389,Low Risk
0076-LVEPS,0,0,0.123122604,Low Risk
1666-JXLKU,0,1,0.611338587,Medium Risk
4003-FUSHP,0,0,0.254244461,Low Risk
7696-AMHOD,0,0,0.067597128,Low Risk
8082-GHXOP,0,0,0.24282345,Low Risk
5445-GLVOT,0,0,0.191289456,Low Risk
5195-KPUNQ,0,0,0.122706775,Low Risk
3948-XHGNA,1,0,0.15753646,Low Risk
9624-EGDEQ,0,0,0.011301197,Low Risk
7551-DACSP,1,0,0.345968512,Low Risk
8128-YVJRG,1,1,0.584665251,Medium Risk
1038-ZAGBI,1,0,0.056695032,Low Risk
9153-BTBVV,0,0,0.002676343,Low Risk
9470-RTWDV,0,0,0.178581755,Low Risk
7554-AKDQF,0,0,0.379418243,Low Risk
7241-AJHFS,0,0,0.207026331,Low Risk
9633-DENPU,0,0,0.124947392,Low Risk
5480-XTFFL,0,0,0.013881508,Low Risk
7803-XOCCZ,0,0,0.109282022,Low Risk
6549-BTYPG,0,0,0.025484666,Low Risk
9114-AAFQH,0,0,0.082078113,Low Risk
3572-UUHRS,0,0,0.012062201,Low Risk
7666-WKRON,1,0,0.08086015,Low Risk
5192-EBGOV,1,1,0.791325383,High Risk
6502-MJQAE,1,1,0.654165035,Medium Risk
6400-BWQKW,1,1,0.569369111,Medium Risk
5928-QLDHB,0,1,0.658272916,Medium Risk
4376-KFVRS,0,0,0.04933372,Low Risk
3528-HFRIQ,0,0,0.120624177,Low Risk
2718-YSKCS,0,0,0.00208359,Low Risk
2434-EEVDB,0,0,0.065102338,Low Risk
6506-EYCNH,0,0,0.074210607,Low Risk
3396-DKDEL,0,0,0.055490629,Low Risk
3269-ATYWD,1,1,0.599469725,Medium Risk
1159-WFSGR,0,0,0.104727777,Low Risk
9835-ZIITK,1,0,0.226060956,Low Risk
9279-CJEOJ,0,1,0.721823651,High Risk
4720-VSTSI,1,0,0.326905121,Low Risk
1360-JYXKQ,0,0,0.233924892,Low Risk
8388-FYNPZ,0,0,0.25213866,Low Risk
7868-TMWMZ,0,0,0.064767374,Low Risk
3466-RITXD,0,0,0.392676208,Low Risk
6427-FEFIG,0,0,0.065404022,Low Risk
6518-PPLMZ,0,0,0.006106766,Low Risk
6762-NSODU,0,0,0.005681801,Low Risk
4355-CVPVS,0,0,0.140736182,Low Risk
7629-WIXZF,0,0,0.221427855,Low Risk
3049-NDXFL,1,1,0.725409406,High Risk
3566-HJGPK,0,0,0.482342708,Medium Risk
1460-UZPRJ,0,0,0.003738561,Low Risk
3712-PKXZA,0,0,0.009411729,Low Risk
1623-NLDOT,1,0,0.052254595,Low Risk
5171-EPLKN,0,0,0.015056481,Low Risk
5569-KGJHX,1,1,0.660767736,Medium Risk
7463-IFMQU,0,0,0.001802453,Low Risk
3178-CIFOT,0,0,0.055964192,Low Risk
1095-JUDTC,1,0,0.359292913,Low Risk
3719-TDVQB,0,0,0.008484865,Low Risk
4929-XIHVW,0,1,0.780026744,High Risk
8106-GWQOK,0,0,0.046327653,Low Risk
4128-ETESU,0,1,0.514036304,Medium Risk
0661-WCQNQ,0,0,0.074871099,Low Risk
4927-WWOOZ,0,1,0.753325388,High Risk
7564-GHCVB,0,0,0.019481964,Low Risk
3445-HXXGF,1,0,0.168882722,Low Risk
6670-MFRPK,0,0,0.04500255,Low Risk
6890-PFRQX,0,0,0.241733564,Low Risk
1552-CZCLL,0,0,0.015615983,Low Risk
2014-MKGMH,0,0,0.375000165,Low Risk
0303-WMMRN,0,0,0.239214452,Low Risk
3806-DXQOM,1,0,0.429519441,Medium Risk
1724-BQUHA,1,1,0.767359679,High Risk
2580-ATZSQ,0,0,0.010496815,Low Risk
7945-PRBVF,0,0,0.010182412,Low Risk
3898-GUYTS,0,0,0.260818645,Low Risk
2832-SCUCO,0,0,0.206850501,Low Risk
9779-DPNEJ,0,1,0.55207032,Medium Risk
4915-BFSXL,0,0,0.009114046,Low Risk
5018-LXQQG,0,0,0.091567215,Low Risk
1698-XFZCI,0,0,0.165983469,Low Risk
1872-EBWSC,0,0,0.03421327,Low Risk
4446-BZKHU,1,0,0.416459589,Medium Risk
4607-CHPCA,1,0,0.392574274,Low Risk
9475-NNDGC,0,0,0.165799556,Low Risk
3841-CONLJ,0,1,0.639729879,Medium Risk
2294-DMMUS,0,0,0.157260135,Low Risk
5921-NGYRH,0,0,0.132453,Low Risk
1897-OKVMW,0,0,0.021005788,Low Risk
5117-IFGPS,0,1,0.629550523,Medium Risk
3866-MDTUB,1,0,0.478844971,Medium Risk
1194-SPVSP,0,0,0.18698751,Low Risk
6905-NIQIN,1,0,0.350493813,Low Risk
6813-GZQCG,0,0,0.011635645,Low Risk
9896-UYMIE,0,0,0.105828005,Low Risk
8849-GYOKR,1,0,0.161409964,Low Risk
5816-JMLGY,0,0,0.015508543,Low Risk
3990-QYKBE,1,1,0.634855792,Medium Risk
6161-UUUTA,1,1,0.721817215,High Risk
0396-UKGAI,0,0,0.129476528,Low Risk
0512-FLFDW,0,0,0.327324191,Low Risk
2946-KIQSP,0,0,0.192689684,Low Risk
0187-WZNAB,0,0,0.249813867,Low Risk
6867-ACCZI,0,0,0.057587139,Low Risk
7024-OHCCK,1,1,0.826236477,High Risk
6481-OGDOO,1,0,0.084431475,Low Risk
7377-DMMRI,1,0,0.330975945,Low Risk
1963-VAUKV,1,0,0.225913833,Low Risk
5919-TMRGD,1,1,0.664675888,Medium Risk
6994-ORCWG,0,0,0.224299685,Low Risk
5144-TVGLP,0,1,0.542353783,Medium Risk
0328-GRPMV,1,1,0.668085875,Medium Risk
2905-KFQUV,0,1,0.666722337,Medium Risk
8637-XJIVR,1,1,0.521227338,Medium Risk
5150-LJNSR,0,0,0.183317267,Low Risk
4826-DXMUP,0,0,0.112543304,Low Risk
3518-FSTWG,0,0,0.084402245,Low Risk
2929-ERCFZ,1,1,0.693043481,Medium Risk
1455-UGQVH,1,1,0.759909822,High Risk
8485-GJCDN,1,1,0.681085367,Medium Risk
0459-SPZHJ,0,0,0.017110089,Low Risk
2169-RRLFW,0,0,0.002980458,Low Risk
8818-DOPVL,0,1,0.55439733,Medium Risk
1207-BLKSA,0,0,0.006193858,Low Risk
7593-XFKDI,1,0,0.39972798,Low Risk
5393-RXQSZ,1,1,0.642365331,Medium Risk
5183-KLYEM,0,0,0.052283678,Low Risk
0923-PNFUB,1,1,0.56206758,Medium Risk
4134-BSXLX,0,0,0.081929807,Low Risk
1452-XRSJV,0,0,0.069758981,Low Risk
4213-HKBJO,0,0,0.016436395,Low Risk
7750-EYXWZ,0,0,0.251319699,Low Risk
7180-PISOG,1,1,0.683615392,Medium Risk
1356-MKYSK,0,0,0.236134575,Low Risk
1212-GLHMD,0,1,0.619917904,Medium Risk
7228-OMTPN,1,1,0.734856681,High Risk
7682-AZNDK,0,0,0.37753448,Low Risk
6286-SUUWT,0,0,0.215419888,Low Risk
3500-RMZLT,1,0,0.483925071,Medium Risk
4729-XKASR,1,0,0.487488931,Medium Risk
8364-TRMMK,1,1,0.537919767,Medium Risk
1000-AJSLD,1,0,0.281588386,Low Risk
4393-OBCRR,0,0,0.112618107,Low Risk
0942-KOWSM,0,0,0.038000892,Low Risk
0870-VEMYL,1,0,0.173089528,Low Risk
3454-JFUBC,0,0,0.003517874,Low Risk
2592-YKDIF,0,0,0.22571936,Low Risk
6941-PMGEP,1,1,0.704997754,High Risk
0511-JTEOY,1,1,0.60491473,Medium Risk
4323-ELYYB,0,0,0.060312393,Low Risk
9500-LTVBP,0,0,0.276095703,Low Risk
8120-JDCAM,0,1,0.615934739,Medium Risk
1335-NTIUC,0,1,0.526061827,Medium Risk
6563-VNPMN,0,0,0.15640901,Low Risk
0668-OGMHD,0,0,0.237719893,Low Risk
0311-UNPFF,1,1,0.571287728,Medium Risk
9282-IZGQK,1,1,0.777206216,High Risk
4695-WJZUE,1,1,0.788296288,High Risk
5527-ACHSO,0,0,0.34918371,Low Risk
5140-FOMCQ,0,0,0.198792013,Low Risk
0410-IPFTY,0,0,0.453456336,Medium Risk
1333-PBMXB,0,0,0.014620591,Low Risk
1915-OAKWD,0,0,0.061283361,Low Risk
5707-ORNDZ,1,0,0.296332253,Low Risk
7969-AULMZ,1,1,0.723212754,High Risk
2700-LUEVA,0,0,0.199661983,Low Risk
9099-FTUHS,0,0,0.174781305,Low Risk
8699-ASUFO,1,1,0.728951014,High Risk
7181-OQCUT,0,1,0.509805237,Medium Risk
3096-YXENJ,0,0,0.088439951,Low Risk
2495-INZWQ,1,1,0.701481816,High Risk
2193-SFWQW,0,0,0.024694355,Low Risk
3908-MKIMJ,0,0,0.013941117,Low Risk
6736-DHUQI,0,0,0.031438177,Low Risk
2868-MZAGQ,1,1,0.71717357,High Risk
8905-IAZPF,0,0,0.170126156,Low Risk
1215-FIGMP,0,0,0.275619977,Low Risk
0772-GYEQQ,1,1,0.585095805,Medium Risk
9995-HOTOH,0,0,0.016750724,Low Risk
7579-KKLOE,0,0,0.017169176,Low Risk
3594-UVONA,1,0,0.112695001,Low Risk
6641-XRPSU,1,0,0.373225714,Low Risk
5707-ZMDJP,0,0,0.012248753,Low Risk
3307-TLCUD,0,0,0.272888972,Low Risk
4797-AXPXK,1,0,0.205282808,Low Risk
4869-EPIUS,0,0,0.187909188,Low Risk
8563-IIOXK,1,0,0.152022987,Low Risk
2773-OVBPK,0,0,0.092964941,Low Risk
1353-LJWEM,0,0,0.241570938,Low Risk
5868-YTYKS,0,0,0.245148152,Low Risk
8713-IGZSO,0,0,0.251966668,Low Risk
6050-FFXES,0,0,0.068823611,Low Risk
9300-RENDD,1,1,0.698029486,Medium Risk
4183-MYFRB,0,1,0.537586399,Medium Risk
3339-EAQNV,0,0,0.20740237,Low Risk
2545-EBUPK,0,1,0.798653284,High Risk
4990-ALDGW,0,0,0.004001637,Low Risk
0970-ETWGE,1,1,0.755821567,High Risk
3671-SHRSP,1,1,0.559605962,Medium Risk
2308-STERM,0,0,0.214644699,Low Risk
1219-NNDDO,0,1,0.671247632,Medium Risk
3508-CFVZL,0,0,0.040267454,Low Risk
3387-PLKUI,0,0,0.121468438,Low Risk
9702-AIUJO,0,0,0.039466135,Low Risk
8337-UPOAQ,1,1,0.756246345,High Risk
1728-CXQBE,0,0,0.354101716,Low Risk
5134-IKDAY,1,1,0.64034448,Medium Risk
9638-JIQYA,0,1,0.596856723,Medium Risk
6647-ZEDXT,0,0,0.262070493,Low Risk
1579-KLYDT,1,1,0.703105976,High Risk
3985-HOYPM,0,0,0.036516277,Low Risk
6705-LNMDD,0,0,0.165286689,Low Risk
6917-FIJHC,0,0,0.004389399,Low Risk
4640-UHDOS,1,0,0.330541594,Low Risk
1414-YADCW,0,0,0.010809258,Low Risk
5960-MVTUK,0,0,0.499391849,Medium Risk
0637-KVDLV,1,1,0.710946864,High Risk
5451-YHYPW,0,0,0.075185418,Low Risk
5813-UECBU,1,0,0.431167859,Medium Risk
9947-OTFQU,1,1,0.530661122,Medium Risk
1816-FLZDK,0,0,0.445148645,Medium Risk
3005-NFMTA,1,0,0.411596654,Medium Risk
4710-NKCAW,0,0,0.161087066,Low Risk
4290-BSXUX,1,1,0.594974069,Medium Risk
6266-QHOJZ,0,0,0.058881236,Low Risk
6047-SUHPR,0,0,0.028881231,Low Risk
6010-DDPPW,0,0,0.002841388,Low Risk
4374-YMUSQ,0,0,0.167635885,Low Risk
1958-RNRKS,0,0,0.201955526,Low Risk
7176-WIONM,0,1,0.62413771,Medium Risk
9483-GCPWE,0,0,0.068693982,Low Risk
1264-FUHCX,0,0,0.107025244,Low Risk
8887-IPQNC,0,0,0.443244453,Medium Risk
2921-XWDJH,0,0,0.392852693,Low Risk
5574-NXZIU,0,0,0.034091564,Low Risk
8644-XLFBW,1,1,0.70245855,High Risk
4811-JBUVU,0,0,0.469070242,Medium Risk
8970-ANWXO,0,0,0.232761921,Low Risk
0602-DDUML,0,0,0.013062575,Low Risk
5671-RQRLP,0,0,0.068368949,Low Risk
9959-WOFKT,0,0,0.04604826,Low Risk
1208-NBVFH,0,0,0.247881706,Low Risk
6976-BWGLQ,0,0,0.002122466,Low Risk
2178-PMGCJ,0,0,0.484680071,Medium Risk
7610-TVOPG,0,0,0.199996164,Low Risk
7240-ETPTR,1,1,0.671004984,Medium Risk
6518-LGAOV,1,1,0.53150755,Medium Risk
2826-DXLQO,0,0,0.384803422,Low Risk
5949-HGVJL,0,0,0.266716108,Low Risk
3489-VSFRD,0,0,0.019369799,Low Risk
2812-REYAT,0,0,0.016227094,Low Risk
9633-XQABV,0,1,0.654184077,Medium Risk
4102-OQUPX,1,1,0.756877914,High Risk
2900-PHPLN,0,0,0.003606392,Low Risk
9894-QMIMJ,0,0,0.085491294,Low Risk
7596-ZYWBB,0,0,0.006225177,Low Risk
5440-FLBQG,1,0,0.087418557,Low Risk
3063-QFSZL,1,1,0.555044121,Medium Risk
4873-ILOLJ,1,1,0.618654303,Medium Risk
3003-CMDUU,0,1,0.546954301,Medium Risk
7279-NMVJC,0,0,0.050090439,Low Risk
6478-HRRCZ,0,0,0.049067375,Low Risk
3678-MNGZX,0,0,0.001736602,Low Risk
5902-WBLSE,0,0,0.002497563,Low Risk
7722-CVFXN,0,0,0.194459639,Low Risk
2223-KAGMX,1,0,0.107233239,Low Risk
9803-FTJCG,0,0,0.012516504,Low Risk
6060-QBMGV,0,0,0.002020401,Low Risk
2858-EIMXH,0,0,0.363335467,Low Risk
4741-WWJQZ,0,0,0.46888605,Medium Risk
9845-PEEKO,0,0,0.073025432,Low Risk
9167-APMXZ,0,1,0.584178359,Medium Risk
9800-ONTFE,0,1,0.503060659,Medium Risk
3621-CHYVB,0,0,0.080731817,Low Risk
3177-LASXD,1,1,0.59260005,Medium Risk
1465-VINDH,1,1,0.676062565,Medium Risk
2055-SIFSS,0,0,0.09912411,Low Risk
0804-YGEQV,0,0,0.023905333,Low Risk
3346-BRMIS,1,1,0.619593063,Medium Risk
3130-ICDUP,0,0,0.465679262,Medium Risk
0732-OCQOC,0,0,0.007785741,Low Risk
4012-YCFAI,0,0,0.008771667,Low Risk
7346-MEDWM,0,0,0.237988071,Low Risk
7036-TYDEC,0,0,0.065632762,Low Risk
6615-NGGZJ,1,1,0.70279876,High Risk
3441-CGZJH,0,0,0.085590694,Low Risk
0208-BPQEJ,0,0,0.109511787,Low Risk
2229-DPMBI,0,0,0.039921254,Low Risk
7159-FVYPK,0,0,0.449775733,Medium Risk
7544-ZVIKX,0,0,0.18113985,Low Risk
6366-XIVKZ,0,0,0.297553264,Low Risk
7137-NAXML,0,0,0.035733931,Low Risk
7126-RBHSD,0,0,0.413281305,Medium Risk
1428-IEDPR,0,0,0.095402379,Low Risk
9465-RWMXL,1,0,0.46436464,Medium Risk
2908-ZTPNF,0,0,0.148214906,Low Risk
4176-RELJR,0,0,0.003631597,Low Risk
3001-UNBTL,0,1,0.679371907,Medium Risk
6067-NGCEU,0,0,0.295205258,Low Risk
2479-BRAMR,1,0,0.305413113,Low Risk
3161-ONRWK,0,0,0.012474045,Low Risk
6349-JDHQP,0,0,0.004502407,Low Risk
1619-YWUBB,0,0,0.004560117,Low Risk
2761-OCIAX,1,1,0.64341554,Medium Risk
2683-JXWQQ,0,0,0.033752958,Low Risk
9585-KKMFD,0,0,0.01117261,Low Risk
7524-VRLPL,0,0,0.010066023,Low Risk
3780-DDGSE,0,0,0.216456242,Low Risk
2207-OBZNX,1,0,0.314628742,Low Risk
0023-UYUPN,0,0,0.020590896,Low Risk
5975-BAICR,0,0,0.067437257,Low Risk
2669-OIDSD,0,0,0.376725329,Low Risk
8146-QQKZH,0,0,0.010415305,Low Risk
2307-FYNNL,0,0,0.082528636,Low Risk
2985-FMWYF,0,1,0.695939858,Medium Risk
5387-ASZNZ,0,0,0.018401495,Low Risk
5349-AZPEW,0,0,0.486954695,Medium Risk
9481-IEBZY,0,0,0.220412149,Low Risk
9818-XQCUV,0,0,0.217431178,Low Risk
3750-RNQKR,0,0,0.142502328,Low Risk
5442-UTCVD,1,1,0.641727763,Medium Risk
3649-JPUGY,0,0,0.023204295,Low Risk
2195-VVRJF,0,0,0.308781135,Low Risk
1271-UODNO,0,0,0.03445037,Low Risk
0118-JPNOY,0,0,0.442558339,Medium Risk
9499-XPZXM,0,0,0.004706013,Low Risk
7343-EOBEU,0,0,0.324085423,Low Risk
3877-JRJIP,1,1,0.57467758,Medium Risk
5498-TXHLF,1,0,0.385019834,Low Risk
3969-GYXEL,0,0,0.393286542,Low Risk
5730-DBDSI,0,0,0.002090607,Low Risk
2868-SNELZ,1,1,0.641813942,Medium Risk
7797-EJMDP,0,0,0.205669683,Low Risk
4067-HLYQI,0,0,0.374211841,Low Risk
4231-LZUYM,0,0,0.002667818,Low Risk
3638-WEABW,0,0,0.016937186,Low Risk
5060-TQUQN,0,0,0.29639297,Low Risk
7802-EFKNY,1,1,0.592607566,Medium Risk
7576-JMYWV,0,0,0.336062054,Low Risk
3496-LFSZU,0,1,0.568995898,Medium Risk
4795-WRNVT,0,0,0.09127886,Low Risk
3938-YFPXD,0,0,0.011380434,Low Risk
6651-AZVTJ,1,0,0.479399784,Medium Risk
3658-KIBGF,1,0,0.318795835,Low Risk
4143-HHPMK,1,0,0.298192029,Low Risk
4821-WQOYN,0,0,0.002182788,Low Risk
4291-HYEBC,0,0,0.226551018,Low Risk
8849-AYPTR,0,0,0.48359312,Medium Risk
3898-BSJYF,0,0,0.104185862,Low Risk
7562-GSUHK,1,1,0.588356982,Medium Risk
3523-QRQLL,1,0,0.179350521,Low Risk
9661-JALZV,0,0,0.007082126,Low Risk
4670-TABXH,0,0,0.077507913,Low Risk
7966-YOTQW,0,0,0.314231876,Low Risk
3694-GLTJM,0,0,0.22985145,Low Risk
8835-VSDSE,1,1,0.679846827,Medium Risk
3721-CNEYS,1,1,0.664226235,Medium Risk
9667-TKTVZ,0,0,0.440865293,Medium Risk
2927-CVULT,0,0,0.051077117,Low Risk
6595-YGXIT,1,1,0.585021913,Medium Risk
0864-FVJNJ,0,0,0.083635643,Low Risk
4537-DKTAL,0,0,0.383847419,Low Risk
3466-WAESX,0,0,0.267237683,Low Risk
2483-XSSMZ,0,0,0.05121324,Low Risk
4163-KIUHY,0,0,0.08648622,Low Risk
8486-AYEQH,0,0,0.480937712,Medium Risk
0516-WJVXC,1,0,0.184554604,Low Risk
5304-EFJLP,0,0,0.096064211,Low Risk
4137-BTIKL,0,1,0.602345637,Medium Risk
2863-IMQDR,0,0,0.015773261,Low Risk
2930-UOTMB,1,0,0.09291031,Low Risk
5673-TIYIB,1,0,0.439551949,Medium Risk
3645-DEYGF,0,0,0.187526844,Low Risk
1099-GODLO,0,0,0.056475287,Low Risk
1955-IBMMB,0,0,0.004335963,Low Risk
6857-VWJDT,1,1,0.761489843,High Risk
6410-LEFEN,1,0,0.315549257,Low Risk
6692-UDPJC,1,1,0.569630647,Medium Risk
7858-GTZSP,0,1,0.721769585,High Risk
5232-NXPAY,0,0,0.032504463,Low Risk
1355-KUSBG,0,0,0.359236759,Low Risk
1174-FGIFN,0,0,0.309294813,Low Risk
8750-QWZAJ,0,0,0.001632226,Low Risk
7850-THJMU,0,0,0.014947941,Low Risk
0310-MVLET,1,0,0.369527701,Low Risk
2623-DRYAM,0,0,0.25523613,Low Risk
1905-OEILC,0,0,0.22243147,Low Risk
6899-PPEEA,1,1,0.656486553,Medium Risk
3104-OWCGK,1,0,0.088569267,Low Risk
5287-QWLKY,1,0,0.261456187,Low Risk
2603-HVKCG,0,1,0.53191019,Medium Risk
9845-QOMAD,0,0,0.058354417,Low Risk
4816-OKWNX,0,0,0.145912753,Low Risk
9103-CXVOK,0,0,0.186967056,Low Risk
2845-AFFTX,1,1,0.634940943,Medium Risk
7776-QWNFX,1,0,0.202423208,Low Risk
1468-DEFNC,0,0,0.004871376,Low Risk
7905-NJMXS,0,0,0.214825523,Low Risk
1866-OBPNR,0,0,0.479045387,Medium Risk
3720-DBRWL,0,0,0.021644311,Low Risk
5073-RZGBK,0,0,0.038877278,Low Risk
0129-QMPDR,0,0,0.016654929,Low Risk
2560-PPCHE,0,0,0.158885146,Low Risk
1496-GGSUK,1,1,0.68975521,Medium Risk
4671-LXRDQ,1,0,0.469158837,Medium Risk
9432-RUVSL,0,0,0.072002232,Low Risk
3992-YWPKO,1,1,0.649070175,Medium Risk
8980-WQFWL,0,0,0.25133731,Low Risk
0212-ISBBF,0,0,0.498508271,Medium Risk
7722-VJRQD,0,0,0.009833649,Low Risk
4135-FRWKJ,0,0,0.032327886,Low Risk
5161-UBZXI,0,0,0.036238459,Low Risk
5327-XOKKY,0,0,0.039700014,Low Risk
3988-RQIXO,1,1,0.801530092,High Risk
0479-HMSWA,0,0,0.147799227,Low Risk
6923-AQONU,0,0,0.01899615,Low Risk
5562-YJQGT,0,0,0.198259717,Low Risk
7598-UAASY,1,1,0.57868595,Medium Risk
7251-LJBQN,0,0,0.341702099,Low Risk
4910-GMJOT,1,1,0.807416076,High Risk
0257-ZESQC,1,0,0.367139648,Low Risk
4765-OXPPD,1,0,0.130601021,Low Risk
6583-QGCSI,1,0,0.41481447,Medium Risk
9805-FILKB,0,0,0.014768121,Low Risk
2706-QZIHY,0,0,0.04541063,Low Risk
7673-LPRNY,0,0,0.206272369,Low Risk
6778-YSNIH,0,0,0.461675499,Medium Risk
9050-QLROH,1,1,0.644469276,Medium Risk
0707-HOVVN,0,0,0.017185203,Low Risk
7102-JJVTX,0,0,0.111703398,Low Risk
1810-MVMAI,0,0,0.0699456,Low Risk
7993-NQLJE,0,0,0.330756643,Low Risk
9281-OFDMF,0,0,0.420981121,Medium Risk
6789-HJBWG,0,0,0.32173986,Low Risk
2139-FQHLM,0,0,0.38785832,Low Risk
3723-BFBGR,0,0,0.224151269,Low Risk
0639-TSIQW,1,0,0.214404718,Low Risk
8626-PTQGE,0,0,0.01407275,Low Risk
3541-ZNUHK,0,0,0.176509594,Low Risk
4568-KNYWR,0,0,0.016848594,Low Risk
9658-WYUFB,1,1,0.501459247,Medium Risk
0997-YTLNY,0,0,0.148685566,Low Risk
3208-YPIOE,1,0,0.328175334,Low Risk
7707-PYBBH,0,0,0.073352738,Low Risk
9313-QOLTZ,0,0,0.075278807,Low Risk
6654-QGBZZ,0,0,0.223974438,Low Risk
6877-LGWXO,1,1,0.563331806,Medium Risk
8020-BWHYL,1,1,0.539238342,Medium Risk
3594-IVHJZ,0,0,0.283599603,Low Risk
9507-EXLTT,1,1,0.697906328,Medium Risk
9793-WECQC,0,1,0.507998024,Medium Risk
1266-NZYUI,0,0,0.004653551,Low Risk
2342-CKIAO,0,0,0.217048898,Low Risk
6963-EZQEE,0,0,0.020288843,Low Risk
2796-NNUFI,0,0,0.009056808,Low Risk
3486-NPGST,0,0,0.023150239,Low Risk
9070-BCKQP,0,0,0.065414098,Low Risk
7742-MYPGI,0,0,0.313186389,Low Risk
9929-PLVPA,0,0,0.156968484,Low Risk
9124-LHCJQ,1,1,0.788564506,High Risk
2792-LSHWX,0,0,0.412181213,Medium Risk
9330-IJWIO,1,1,0.661429927,Medium Risk
0617-AQNWT,1,0,0.011355571,Low Risk
0895-UADGO,0,0,0.120193175,Low Risk
7255-SSFBC,0,0,0.069738365,Low Risk
5834-ASPWA,1,1,0.71250448,High Risk
4132-KALRO,0,1,0.737176254,High Risk
8064-RAVOH,0,0,0.405313173,Medium Risk
8028-PNXHQ,0,0,0.004392324,Low Risk
9508-ILZDG,0,0,0.449491207,Medium Risk
4361-JEIVL,1,0,0.414724809,Medium Risk
2430-USGXP,1,1,0.693629999,Medium Risk
5965-GGPRW,0,0,0.048400133,Low Risk
2542-HYGIQ,0,0,0.205023453,Low Risk
1035-IPQPU,0,0,0.447713776,Medium Risk
3617-XLSGQ,0,0,0.049063654,Low Risk
9107-UKCKY,0,0,0.095382078,Low Risk
5146-YYFRZ,0,0,0.00202225,Low Risk
5649-VUKMC,1,0,0.451177509,Medium Risk
3472-OAOOR,0,0,0.257536902,Low Risk
0397-ZXWQF,0,0,0.002116205,Low Risk
1346-UFHAX,0,1,0.506187523,Medium Risk
7252-NTGSS,0,0,0.405845854,Medium Risk
3198-VELRD,1,1,0.722047093,High Risk
3407-QGWLG,0,0,0.227289276,Low Risk
9874-QLCLH,1,1,0.590426456,Medium Risk
8668-KNZTI,0,0,0.02155164,Low Risk
8249-THVEC,0,0,0.009634344,Low Risk
6060-DRTNL,1,1,0.719740361,High Risk
6773-LQTVT,0,0,0.304298573,Low Risk
7853-GVUDZ,1,0,0.247103778,Low Risk
4897-QSUYC,1,0,0.292253286,Low Risk
5197-PYEPU,0,0,0.163953099,Low Risk
3785-NRHYR,0,0,0.214293963,Low Risk
6087-MVHJH,1,1,0.671333706,Medium Risk
1685-VAYJF,0,0,0.274886888,Low Risk
9912-GVSEQ,1,1,0.621454097,Medium Risk
4636-OLWOE,0,0,0.023971182,Low Risk
9600-UDOPK,1,1,0.638644115,Medium Risk
8631-NBHFZ,1,0,0.00813505,Low Risk
1053-MXTTK,0,0,0.031339271,Low Risk
3549-ZTMNH,0,0,0.047418816,Low Risk
7825-ECJRF,1,0,0.455496342,Medium Risk
6439-LAJXL,0,0,0.23061285,Low Risk
4075-WKNIU,0,0,0.143828129,Low Risk
8042-RNLKO,0,0,0.006410446,Low Risk
4881-JVQOD,0,1,0.582555476,Medium Risk
9593-CVZKR,0,0,0.007553555,Low Risk
9972-EWRJS,0,0,0.00269916,Low Risk
9888-ZCUMM,0,0,0.01735995,Low Risk
1265-ZFOSD,0,0,0.017673413,Low Risk
6078-VESFR,0,0,0.499788546,Medium Risk
0306-JAELE,1,1,0.654585212,Medium Risk
7075-BNDVQ,0,0,0.40043394,Medium Risk
2208-MPXIO,0,0,0.007995317,Low Risk
3096-GKWEB,0,1,0.725710908,High Risk
7404-JLKQG,0,0,0.393415277,Low Risk
5049-GLYVG,1,0,0.217874091,Low Risk
6704-UTUKK,0,0,0.476970091,Medium Risk
9397-TZSHA,0,0,0.002846286,Low Risk
4686-UXDML,0,1,0.649285811,Medium Risk
3808-HFKDE,0,0,0.288714701,Low Risk
3580-HYCSP,0,0,0.061688852,Low Risk
9795-VOWON,0,0,0.354300628,Low Risk
2159-TURXX,0,0,0.167559078,Low Risk
0096-BXERS,0,0,0.423588418,Medium Risk
6507-DTJZV,0,0,0.340328475,Low Risk
9962-BFPDU,0,0,0.205001524,Low Risk
4587-NUKOX,1,0,0.486438309,Medium Risk
4060-LDNLU,0,1,0.708341347,High Risk
2379-ENZGV,1,1,0.619548588,Medium Risk
4877-EVATK,1,0,0.215607958,Low Risk
9442-JTWDL,0,0,0.070695416,Low Risk
2748-MYRVK,1,0,0.157608718,Low Risk
3966-HRMZA,0,1,0.611940366,Medium Risk
2862-JVEOY,0,0,0.091979651,Low Risk
9489-DEDVP,0,0,0.011859349,Low Risk
9469-WEJBT,0,0,0.38411213,Low Risk
2384-OVPSA,0,0,0.012574554,Low Risk
2186-QZEYA,0,0,0.174854794,Low Risk
6202-JVYEU,0,0,0.106090664,Low Risk
6419-ZTTLE,0,0,0.072960907,Low Risk
1891-UAWWU,1,1,0.618836145,Medium Risk
6963-KQYQB,0,0,0.002720886,Low Risk
2521-NPUZR,0,0,0.022001876,Low Risk
8242-SOQUO,0,1,0.674739845,Medium Risk
9823-EALYC,0,0,0.007990628,Low Risk
2314-TNDJQ,0,0,0.006147372,Low Risk
9714-EDSUC,0,0,0.459489493,Medium Risk
1383-EZRWL,1,0,0.178134813,Low Risk
6617-WLBQC,0,0,0.187213209,Low Risk
6652-YFFJO,0,1,0.508689972,Medium Risk
1401-FTHFQ,0,0,0.047698308,Low Risk
1803-BGNBD,0,0,0.241864908,Low Risk
1470-PSXNM,0,0,0.192263791,Low Risk
9185-TQCVP,1,1,0.702042422,High Risk
6481-LXPWL,0,0,0.042599148,Low Risk
5066-GFJMM,0,0,0.285468915,Low Risk
7519-JTWQH,0,0,0.078612359,Low Risk
9957-YODKZ,0,1,0.720736308,High Risk
8430-TWCBX,0,0,0.01267103,Low Risk
5955-ERIHD,1,1,0.72527157,High Risk
5186-SAMNZ,1,1,0.667644923,Medium Risk
5759-RCVCB,1,1,0.561898708,Medium Risk
0220-EBGCE,1,1,0.707846462,High Risk
7427-AUFPY,0,0,0.003987618,Low Risk
3221-CJMSG,0,0,0.182167,Low Risk
4194-FJARJ,0,0,0.008316323,Low Risk
8138-EALND,0,0,0.120688649,Low Risk
8345-MVDYC,0,0,0.020857792,Low Risk
6119-SPUDB,0,0,0.014415835,Low Risk
1202-KKGFU,0,0,0.141579652,Low Risk
6556-DBKZF,0,0,0.02621959,Low Risk
6339-DKLMK,0,0,0.45791904,Medium Risk
1977-STDKI,1,1,0.653177705,Medium Risk
4001-TSBTV,0,0,0.258385311,Low Risk
7912-SYRQT,1,1,0.654942598,Medium Risk
4779-ZGICK,0,0,0.007241012,Low Risk
0670-ANMUU,0,0,0.059016886,Low Risk
8735-NBLWT,0,0,0.133718264,Low Risk
8930-XOTDP,0,0,0.281992866,Low Risk
6380-ARCEH,0,0,0.216361432,Low Risk
1167-OYZJF,0,0,0.00384199,Low Risk
1628-BIZYP,0,1,0.679475189,Medium Risk
6284-KMNUF,0,0,0.212395873,Low Risk
4676-WLUHT,0,0,0.017574382,Low Risk
2138-VFAPZ,0,0,0.042089813,Low Risk
8648-PFRMP,0,1,0.670438897,Medium Risk
8097-VBQTZ,0,0,0.056551519,Low Risk
6087-YPWHO,0,0,0.004873259,Low Risk
8109-YUOHE,0,0,0.079872966,Low Risk
3807-XHCJH,0,0,0.195720577,Low Risk
0524-IAVZO,1,1,0.608338939,Medium Risk
8957-THMOA,0,0,0.004319181,Low Risk
7521-YXVZY,0,0,0.170326764,Low Risk
7077-XJMET,0,0,0.386480095,Low Risk
9625-QSTYE,1,1,0.515447401,Medium Risk
7924-GJZFI,0,1,0.525192959,Medium Risk
2034-GDRCN,1,1,0.762529501,High Risk
4186-ZBUEW,0,0,0.114966209,Low Risk
4026-SKKHW,0,0,0.362637227,Low Risk
8548-AWOFC,0,0,0.063206723,Low Risk
0680-DFNNY,1,1,0.743604728,High Risk
7501-IWUNG,0,0,0.021835344,Low Risk
7176-WRTNX,0,0,0.048256964,Low Risk
8450-UYIBU,0,0,0.3512259,Low Risk
1794-HBQTJ,1,0,0.343159096,Low Risk
1862-QRWPE,0,0,0.005084092,Low Risk
2996-XAUVF,0,0,0.017313602,Low Risk
7145-FEJWU,0,1,0.675976886,Medium Risk
6710-HSJRD,0,0,0.394770575,Low Risk
7530-HDYDS,1,0,0.236631616,Low Risk
8042-JVNFH,1,1,0.675497347,Medium Risk
5127-BZENZ,0,0,0.029596358,Low Risk
0876-WDUUZ,1,1,0.603583492,Medium Risk
0356-ERHVT,0,0,0.360081495,Low Risk
9912-OMZDS,0,0,0.250662314,Low Risk
2275-RBYQS,0,0,0.494255932,Medium Risk
0917-EZOLA,1,0,0.120946516,Low Risk
2749-CTKAJ,0,0,0.03985875,Low Risk
5160-UXJED,0,0,0.111878072,Low Risk
7244-QWYHG,0,0,0.044535339,Low Risk
4226-KKDON,0,0,0.316659173,Low Risk
7018-FPXHH,0,0,0.009627012,Low Risk
9897-KXHCM,1,1,0.695582541,Medium Risk
1222-KJNZD,0,0,0.040690106,Low Risk
2452-KDRRH,0,0,0.437569211,Medium Risk
6892-EZDTG,1,1,0.724965611,High Risk
6980-CDGFC,0,0,0.006931403,Low Risk
5071-FBJFS,0,0,0.242022418,Low Risk
4018-PPNDW,0,0,0.005972294,Low Risk
9066-QRSDU,0,0,0.010159435,Low Risk
0318-ZOPWS,0,0,0.00798629,Low Risk
0419-YAAPX,0,0,0.311564754,Low Risk
9786-IJYDL,0,0,0.126019836,Low Risk
4195-PNGZS,0,0,0.002294885,Low Risk
9372-TXXPS,0,0,0.004909139,Low Risk
7734-DBOAI,1,0,0.467988657,Medium Risk
2858-MOFSQ,1,0,0.202743592,Low Risk
8180-AKMJV,0,0,0.461194404,Medium Risk
2690-DVRVK,0,0,0.084422793,Low Risk
1790-NESIO,0,0,0.050250892,Low Risk
8083-YTZES,1,1,0.683846113,Medium Risk
0661-KBKPA,0,0,0.079526518,Low Risk
4139-DETXS,0,0,0.008186001,Low Risk
1395-WSWXR,0,0,0.020284307,Low Risk
9546-KDTRB,0,0,0.115723197,Low Risk
4291-HPAXL,0,0,0.184495169,Low Risk
6198-ZFIOJ,0,1,0.617927521,Medium Risk
7472-EQOAV,0,0,0.048999868,Low Risk
5997-OPVFA,0,0,0.014432194,Low Risk
5236-XMZJY,0,0,0.055059151,Low Risk
3873-NFTGI,0,0,0.343894164,Low Risk
8695-WDYEA,0,0,0.293118114,Low Risk
4342-HENTK,1,1,0.701165752,High Risk
8580-QVLOC,1,0,0.012653057,Low Risk
3143-JQEGI,1,1,0.58493498,Medium Risk
4465-VDKIQ,0,0,0.371509911,Low Risk
0824-VWDPO,0,0,0.143867101,Low Risk
3162-KKZXO,0,0,0.344128692,Low Risk
8445-DNBAE,0,0,0.480326257,Medium Risk
2111-DWYHN,0,0,0.219775623,Low Risk
2662-NNTDK,0,0,0.006872482,Low Risk
7502-BNYGS,0,0,0.197691161,Low Risk
5372-FBKBN,0,0,0.083536717,Low Risk
4597-NUCQV,1,1,0.687582233,Medium Risk
0020-JDNXP,0,0,0.093210468,Low Risk
6599-GZWCM,0,0,0.355793087,Low Risk
4342-HFXWS,0,0,0.01975686,Low Risk
5035-PGZXH,0,0,0.289979792,Low Risk
8216-AZUUZ,0,0,0.128316712,Low Risk
5542-DHSXL,0,0,0.249972522,Low Risk
8498-XXGWA,0,0,0.048174658,Low Risk
6542-LWGXJ,0,1,0.545857762,Medium Risk
6248-TKCQV,0,0,0.014844534,Low Risk
3068-OMWZA,1,1,0.766870506,High Risk
2430-RRYUW,0,0,0.016121469,Low Risk
8292-TYSPY,1,0,0.203670197,Low Risk
4589-IUAJB,0,0,0.0026221,Low Risk
5693-PIPCS,0,0,0.115124729,Low Risk
7446-KQISO,0,0,0.115070214,Low Risk
0048-PIHNL,0,0,0.011489371,Low Risk
6284-AHOOQ,1,1,0.528209841,Medium Risk
2805-EDJPQ,0,0,0.142386301,Low Risk
9103-TCIHJ,1,0,0.316118963,Low Risk
9402-ROUMJ,0,0,0.081600841,Low Risk
5562-BETPV,0,0,0.104440984,Low Risk
3167-SNQPL,0,0,0.47808248,Medium Risk
0810-DHDBD,0,0,0.029952879,Low Risk
1776-SPBWV,0,0,0.02828351,Low Risk
9537-JALFH,0,0,0.001632306,Low Risk
0702-PGIBZ,1,1,0.721184736,High Risk
3055-VTCGS,0,0,0.030490796,Low Risk
9548-LERKT,0,0,0.021350824,Low Risk
6794-HKIAJ,0,0,0.110304934,Low Risk
9531-NSBMR,0,0,0.027917038,Low Risk
6368-NWMCE,0,0,0.13018519,Low Risk
0643-OKLRP,1,0,0.249816275,Low Risk
9948-YPTDG,1,0,0.236259253,Low Risk
4879-GZLFH,0,0,0.441833836,Medium Risk
8098-TDCBU,0,0,0.012300569,Low Risk
5122-CYFXA,0,0,0.437306714,Medium Risk
9889-TMAHG,1,0,0.46390828,Medium Risk
5357-TZHPP,1,1,0.739929298,High Risk
1474-JUWSM,0,0,0.041035935,Low Risk
8399-YNDCH,1,0,0.330996781,Low Risk
3847-BAERP,0,0,0.214188102,Low Risk
9402-CXWPL,0,0,0.145158848,Low Risk
5049-MUBWG,0,0,0.070051895,Low Risk
4039-HEUNW,1,1,0.593516289,Medium Risk
5803-NQJZO,0,0,0.005790231,Low Risk
4116-TZAQJ,1,0,0.467382662,Medium Risk
9094-AZPHK,0,1,0.700081159,High Risk
6121-TNHBO,0,0,0.024350043,Low Risk
1564-HJUVY,0,0,0.308112638,Low Risk
7407-SUJIZ,0,0,0.07919579,Low Risk
5468-BPMMO,0,0,0.028581154,Low Risk
9168-INPSZ,0,0,0.433444107,Medium Risk
8942-DBMHZ,0,0,0.139294832,Low Risk
8705-WZCYL,0,0,0.464020273,Medium Risk
0322-YINQP,1,0,0.357155542,Low Risk
7000-WCEVQ,1,0,0.499474662,Medium Risk
9739-JLPQJ,0,0,0.041976649,Low Risk
2794-XIMMO,1,0,0.091812015,Low Risk
9565-AXSMR,0,0,0.004452668,Low Risk
2880-FPNAE,0,1,0.688780558,Medium Risk
3316-UWXUY,0,0,0.16671246,Low Risk
9824-BEMCV,1,0,0.482559983,Medium Risk
3256-EZDBI,0,0,0.134046241,Low Risk
1226-IENZN,0,1,0.643161451,Medium Risk
2823-LKABH,0,1,0.547668266,Medium Risk
6161-ERDGD,0,0,0.025969541,Low Risk
2137-DQMEV,0,0,0.018155437,Low Risk
2424-WVHPL,0,1,0.514473828,Medium Risk
9945-PSVIP,0,0,0.023686943,Low Risk
2840-XANRC,1,1,0.653513801,Medium Risk
8008-HAWED,1,1,0.606077663,Medium Risk
0412-UCCNP,0,0,0.009468705,Low Risk
6402-SSEJG,0,0,0.162124923,Low Risk
8049-WJCLQ,0,0,0.319167087,Low Risk
2830-LEWOA,0,0,0.089695253,Low Risk
9780-FKVVF,0,0,0.34492559,Low Risk
5014-GSOUQ,0,0,0.033645583,Low Risk
0396-HUJBP,0,0,0.213489601,Low Risk
8356-WUAOJ,0,0,0.496673345,Medium Risk
5442-BHQNG,0,1,0.578530315,Medium Risk
5655-JSMZM,1,1,0.561541717,Medium Risk
7065-YUNRY,1,0,0.493699813,Medium Risk
5161-XEUVX,0,0,0.108636135,Low Risk
9068-FHQHD,0,0,0.007206692,Low Risk
8017-LXHFA,1,1,0.63899345,Medium Risk
0786-IVLAW,0,0,0.208105499,Low Risk
6100-QQHEB,1,1,0.676715255,Medium Risk
2642-DTVCO,1,1,0.754105449,High Risk
0147-ESWWR,0,1,0.575246307,Medium Risk
2335-GSODA,0,0,0.033532651,Low Risk
9602-WCXPI,0,0,0.010340521,Low Risk
0329-GTIAJ,1,1,0.62108331,Medium Risk
8241-JUIQO,0,0,0.006116209,Low Risk
0581-MDMPW,0,1,0.57499952,Medium Risk
9314-IJWSQ,0,1,0.649988732,Medium Risk
8532-UEFWH,0,0,0.006405054,Low Risk
7861-UVUFT,1,1,0.616203657,Medium Risk
8383-SGHJU,0,0,0.04541368,Low Risk
8755-IWJHN,0,0,0.292863485,Low Risk
0123-CRBRT,0,0,0.015282778,Low Risk
2223-GDSHL,0,0,0.049067004,Low Risk
8189-HBVRW,0,0,0.166334791,Low Risk
8495-PRWFH,0,0,0.162165071,Low Risk
6092-QZVPP,0,0,0.142356968,Low Risk
5129-JLPIS,0,0,0.407760186,Medium Risk
1614-JBEBI,0,0,0.227088276,Low Risk
0637-YLETY,1,1,0.632944161,Medium Risk
0135-NMXAP,1,1,0.620262819,Medium Risk
7892-POOKP,1,1,0.598071736,Medium Risk
8161-QYMTT,0,1,0.770495262,High Risk
3001-CBHLQ,1,1,0.59630516,Medium Risk
8945-GRKHX,1,1,0.604470719,Medium Risk
4625-EWPTF,1,0,0.427159881,Medium Risk
1343-EHPYB,1,0,0.400232962,Medium Risk
0375-HVGXO,1,1,0.676257241,Medium Risk
0330-BGYZE,0,0,0.170249546,Low Risk
5989-PGKJB,0,1,0.58806707,Medium Risk
8752-GHJFU,0,0,0.056961254,Low Risk
4851-BQDNX,0,0,0.216135851,Low Risk
7240-FQLHE,1,1,0.590904362,Medium Risk
6175-IRFIT,0,1,0.622650826,Medium Risk
6538-POCHL,0,0,0.32326542,Low Risk
3078-ZKNTS,0,0,0.037542378,Low Risk
5777-KJIRB,0,0,0.082976343,Low Risk
7923-IYJWY,0,0,0.07430141,Low Risk
2810-FTLEM,1,0,0.234322194,Low Risk
1265-HVPZB,0,0,0.019573404,Low Risk
9796-BPKIW,0,1,0.62648936,Medium Risk
9178-JHUVJ,0,0,0.02739801,Low Risk
4732-RRJZC,0,0,0.154803094,Low Risk
7010-BRBUU,0,0,0.002053428,Low Risk
9688-YGXVR,0,0,0.32507707,Low Risk
9286-DOJGF,1,0,0.458095008,Medium Risk
6994-KERXL,0,1,0.516798727,Medium Risk
2181-UAESM,0,0,0.252587818,Low Risk
4312-GVYNH,0,0,0.011525657,Low Risk
2495-KZNFB,0,0,0.460713753,Medium Risk
4367-NHWMM,0,1,0.646833718,Medium Risk
8898-KASCD,0,0,0.062587283,Low Risk
8016-NCFVO,0,0,0.323520267,Low Risk
4578-PHJYZ,0,0,0.034736992,Low Risk
2091-MJTFX,1,0,0.262551357,Low Risk
2277-DJJDL,0,0,0.407773338,Medium Risk
2511-MORQY,0,0,0.037852908,Low Risk
2731-GJRDG,0,0,0.255917773,Low Risk
1784-EZDKJ,0,0,0.304486029,Low Risk
2468-SJFLM,0,1,0.570143206,Medium Risk
5115-SQAAU,0,0,0.003475864,Low Risk
8708-XPXHZ,1,1,0.549507716,Medium Risk
0601-WZHJF,1,1,0.550945311,Medium Risk
0463-TXOAK,0,0,0.005273569,Low Risk
4683-WYDOU,0,0,0.123418126,Low Risk
1166-PQLGG,0,0,0.0014892,Low Risk
0963-ZBDRN,1,0,0.480143687,Medium Risk
4871-JTKJF,1,1,0.703820016,High Risk
7173-TETGO,0,0,0.026615966,Low Risk
4193-ORFCL,1,0,0.448619193,Medium Risk
2692-PFYTJ,0,0,0.349816363,Low Risk
2369-UAPKZ,1,1,0.675503512,Medium Risk
5193-QLVZB,0,0,0.114082967,Low Risk
0379-DJQHR,0,0,0.011334417,Low Risk
4657-FWVFY,0,0,0.420098113,Medium Risk
0623-EJQEG,0,0,0.066267709,Low Risk
1699-TLDLZ,0,0,0.027197541,Low Risk
4501-UYKBC,0,0,0.098950163,Low Risk
8158-WPEZG,0,0,0.37092322,Low Risk
9732-EQMWY,0,0,0.353030524,Low Risk
1099-BTKWT,0,0,0.056863253,Low Risk
4815-TUMEQ,0,0,0.110472264,Low Risk
6407-UTSLV,0,1,0.66758588,Medium Risk
0018-NYROU,0,1,0.647567599,Medium Risk
4632-XJMEX,0,0,0.012059259,Low Risk
1409-PHXTF,0,0,0.153303522,Low Risk
8229-TNIQA,1,0,0.463107477,Medium Risk
0529-ONKER,1,1,0.565864925,Medium Risk
3675-YDUPJ,0,0,0.199555353,Low Risk
4484-CGXFK,1,1,0.536991398,Medium Risk
4443-EMBNA,0,0,0.002724916,Low Risk
4280-DLSHD,0,0,0.36970106,Low Risk
9300-AGZNL,1,1,0.824185523,High Risk
2789-CZANW,0,0,0.038744985,Low Risk
8464-EETCQ,0,0,0.00340065,Low Risk
7216-EWTRS,1,1,0.840573964,High Risk
4468-KAZHE,0,0,0.391282612,Low Risk
8623-ULFNQ,0,0,0.337648396,Low Risk
9317-WZPGV,1,1,0.735417952,High Risk
8947-YRTDV,0,0,0.144909596,Low Risk
1814-DKOLC,0,0,0.237087645,Low Risk
8071-SBTRN,0,0,0.089478757,Low Risk
4701-MLJPN,1,0,0.145020462,Low Risk
1205-WNWPJ,1,0,0.38089899,Low Risk
6158-HDPXZ,0,1,0.552683051,Medium Risk
6683-VLCTZ,1,1,0.716898065,High Risk
3727-OWVYD,0,0,0.039851312,Low Risk
0856-NAOES,0,0,0.389860928,Low Risk
0562-FGDCR,0,0,0.006599998,Low Risk
0956-SYCWG,0,0,0.066848654,Low Risk
2277-VWCNI,0,0,0.47167656,Medium Risk
3498-LZGQZ,0,0,0.003577311,Low Risk
9135-MGVPY,0,0,0.014357468,Low Risk
3815-SLMEF,1,0,0.327335349,Low Risk
4513-CXYIX,0,0,0.044542162,Low Risk
8944-AILEF,0,0,0.158432066,Low Risk
1270-XKUCC,0,0,0.013866309,Low Risk
6633-SYEUS,0,0,0.245367885,Low Risk
8075-GXIUB,0,0,0.092353037,Low Risk
6016-NXBNJ,0,0,0.032621571,Low Risk
9332-GYWLO,0,0,0.363779499,Low Risk
3276-HDUEG,1,1,0.732338897,High Risk
5884-FBCTL,0,0,0.002160012,Low Risk
8999-YPYBV,0,0,0.024758971,Low Risk
1522-VVDMG,1,0,0.482951923,Medium Risk
0848-SOMKO,0,0,0.007088839,Low Risk
1657-DYMBM,0,0,0.004696611,Low Risk
6923-EFPNL,1,0,0.405585384,Medium Risk
2167-FQSTQ,0,0,0.021115297,Low Risk
9286-BHDQG,0,0,0.003501636,Low Risk
7225-CBZPL,0,1,0.763010257,High Risk
5605-IYGFG,0,1,0.592657242,Medium Risk
6861-OKBCE,1,0,0.115336194,Low Risk
7571-YXDAD,1,1,0.62295682,Medium Risk
0254-FNMCI,0,0,0.039068975,Low Risk
8981-FJGLA,0,1,0.583224015,Medium Risk
8414-MYSHR,1,1,0.773356671,High Risk
9274-CNFMO,1,1,0.667219074,Medium Risk
3794-NFNCH,0,0,0.222108619,Low Risk
5158-RIVOP,0,0,0.031771388,Low Risk
1100-DDVRV,0,1,0.565818234,Medium Risk
9522-BNTHX,0,0,0.417249979,Medium Risk
3677-IYRBF,1,1,0.655890471,Medium Risk
7009-PCARS,0,0,0.006033607,Low Risk
8250-ZNGGW,0,0,0.174489,Low Risk
0967-BMLBD,0,0,0.096347567,Low Risk
7594-RQHXR,1,1,0.689522971,Medium Risk
8966-SNIZF,0,0,0.001919887,Low Risk
7235-NXZCP,1,1,0.749302208,High Risk
0122-OAHPZ,1,1,0.671578062,Medium Risk
7815-PDTHL,0,0,0.016510276,Low Risk
8331-ZXFOE,0,0,0.024644942,Low Risk
8901-UPRHR,0,0,0.063015179,Low Risk
3563-SVYLG,0,0,0.003060285,Low Risk
3205-MXZRA,0,0,0.077430181,Low Risk
5392-AKEMH,0,0,0.363749251,Low Risk
8201-AAXCB,0,0,0.24957545,Low Risk
6919-ELBGL,0,0,0.052361639,Low Risk
0530-IJVDB,0,0,0.046567098,Low Risk
5047-LHVLY,1,0,0.464099273,Medium Risk
8404-FYDIB,0,0,0.360726968,Low Risk
3415-TAILE,1,0,0.493220842,Medium Risk
2819-GWENI,0,0,0.031309721,Low Risk
6164-HXUGH,0,0,0.166984018,Low Risk
6762-QVYJO,0,0,0.019734005,Low Risk
5046-NUHWD,0,0,0.34790801,Low Risk
0106-GHRQR,0,0,0.396339185,Low Risk
8374-XGEJJ,1,1,0.58880751,Medium Risk
2546-KZAAT,0,0,0.065871212,Low Risk
7569-NMZYQ,0,0,0.057117147,Low Risk
3279-DYZQM,0,0,0.001727154,Low Risk
0374-FIUCA,0,0,0.003804022,Low Risk
3714-NTNFO,0,0,0.417645458,Medium Risk
8705-DWKTI,0,0,0.309614,Low Risk
4195-SMMNX,1,0,0.208315202,Low Risk
2599-CIPQE,0,0,0.024299805,Low Risk
5136-GFPMB,0,0,0.299282311,Low Risk
6476-YHMGA,0,0,0.202099188,Low Risk
3055-MJDSB,0,1,0.5382836,Medium Risk
7516-GMHUV,0,0,0.156963384,Low Risk
5940-NFXKV,1,1,0.610399532,Medium Risk
3597-YASZG,0,0,0.093852074,Low Risk
3786-WOVKF,0,0,0.172679131,Low Risk
2806-MLNTI,0,0,0.31502697,Low Risk
0799-DDIHE,0,0,0.243638022,Low Risk
9926-PJHDQ,0,0,0.030875504,Low Risk
0334-GDDSO,1,1,0.698556338,Medium Risk
2371-KFUOG,0,0,0.090391189,Low Risk
4634-JLRJT,0,0,0.293174496,Low Risk
5886-VLQVU,0,0,0.435649075,Medium Risk
3194-ORPIK,1,0,0.338778203,Low Risk
6048-NJXHX,0,0,0.012761736,Low Risk
7860-KSUGX,0,0,0.00541068,Low Risk
2925-MXLSX,0,0,0.148376027,Low Risk
2933-FILNV,1,1,0.605007222,Medium Risk
7758-XKCBS,1,0,0.361595893,Low Risk
2027-DNKIV,0,0,0.036701839,Low Risk
4751-ERMAN,0,0,0.018487975,Low Risk
8224-KDLKN,0,0,0.001981239,Low Risk
7929-SKFGK,0,0,0.04449058,Low Risk
8329-IBCTI,1,0,0.223009192,Low Risk
5016-IBERQ,0,0,0.419700055,Medium Risk
5405-ZMYXQ,0,1,0.652599866,Medium Risk
7841-TZDMQ,1,0,0.445578454,Medium Risk
9754-CLVZW,0,0,0.102131556,Low Risk
9503-XJUME,0,0,0.007459427,Low Risk
3298-QEICA,0,0,0.038873217,Low Risk
9420-LOJKX,1,1,0.511783961,Medium Risk
3391-JSQEW,0,0,0.143821787,Low Risk
4939-KYYPY,0,0,0.154011006,Low Risk
2061-VVFST,0,0,0.042768264,Low Risk
6480-YAGIY,0,0,0.107224325,Low Risk
0330-IVZHA,1,1,0.567514853,Medium Risk
7161-DFHUF,0,0,0.003024134,Low Risk
1260-TTRXI,1,0,0.4175916,Medium Risk
8577-QSOCG,0,0,0.013387097,Low Risk
8963-JLGJT,0,0,0.229701493,Low Risk
3266-FTKHB,0,0,0.027452727,Low Risk
6122-LJADA,0,0,0.014358655,Low Risk
8710-YGLWG,0,0,0.478732903,Medium Risk
6463-HHXJR,0,0,0.028616228,Low Risk
9576-SYUHJ,0,0,0.39666367,Low Risk
9289-LBQVU,0,0,0.046613258,Low Risk
2207-QPJED,0,0,0.32588413,Low Risk
6990-YNRIO,1,0,0.038297884,Low Risk
0489-WMEMG,0,0,0.08768755,Low Risk
2189-UXTKY,1,0,0.298688856,Low Risk
7105-MXJLL,0,0,0.175871372,Low Risk
7133-VBDCG,1,0,0.295961498,Low Risk
9933-QRGTX,0,0,0.055063179,Low Risk
6356-ELRKD,1,1,0.675179981,Medium Risk
2194-IIQOF,0,0,0.012488711,Low Risk
8063-GBATB,1,1,0.649563715,Medium Risk
9611-CTWIH,1,1,0.752303335,High Risk
3571-DPYUH,0,0,0.112488808,Low Risk
8519-QJGJD,1,0,0.463668991,Medium Risk
5846-NEQVZ,0,0,0.007648528,Low Risk
6022-KOUQO,0,0,0.375515481,Low Risk
7205-BAIAD,0,0,0.011739494,Low Risk
9574-BOSMD,0,0,0.002408517,Low Risk
4884-TVUQF,0,0,0.055223857,Low Risk
6439-GTPCA,1,0,0.310686915,Low Risk
3795-CAWEX,0,0,0.053044948,Low Risk
7821-DPRQE,0,0,0.210153286,Low Risk
4983-CLMLV,0,0,0.357310223,Low Risk
2380-DAMQP,0,0,0.046485921,Low Risk
7534-BFESC,1,1,0.572181055,Medium Risk
6695-FRVEC,0,0,0.004986276,Low Risk
0361-HJRDX,0,0,0.012092446,Low Risk
0354-VXMJC,0,0,0.016395542,Low Risk
6559-ILWKJ,1,0,0.020971384,Low Risk
9895-VFOXH,0,1,0.560058669,Medium Risk
8229-BUJHX,0,0,0.001623434,Low Risk
4476-OSWTN,0,0,0.169496883,Low Risk
2995-UPRYS,1,0,0.268433247,Low Risk
9208-OLGAQ,0,1,0.638594315,Medium Risk
4124-MMETB,1,1,0.675694188,Medium Risk
8882-TLVRW,0,0,0.004960413,Low Risk
2957-JIRMN,0,0,0.14524,Low Risk
3646-ITDGM,0,0,0.003599816,Low Risk
2673-ZALNP,0,0,0.09418374,Low Risk
9975-SKRNR,0,0,0.211497902,Low Risk
3724-UCSHY,0,0,0.159258716,Low Risk
0259-GBZSH,1,1,0.745849964,High Risk
7130-CTCUS,0,0,0.21583958,Low Risk
8150-QUDFX,0,0,0.20735632,Low Risk
8218-FFJDS,0,0,0.015896783,Low Risk
8259-NFJTV,0,0,0.265490806,Low Risk
7909-FIOIY,0,0,0.404202951,Medium Risk
3317-VLGQT,0,1,0.647586824,Medium Risk
2722-VOJQL,1,0,0.175380686,Low Risk
0584-BJQGZ,0,0,0.148635354,Low Risk
6732-VAILE,0,0,0.021394436,Low Risk
1302-TPUBN,0,0,0.002067094,Low Risk
8380-PEFPE,1,1,0.620484856,Medium Risk
7402-PWYJJ,0,0,0.211968594,Low Risk
4250-FDVOU,1,0,0.22031432,Low Risk
9128-CPXKI,0,0,0.091613309,Low Risk
4183-WCSEP,1,0,0.272917719,Low Risk
0404-SWRVG,1,1,0.693730315,Medium Risk
6227-HWPWX,1,0,0.379010346,Low Risk
1899-VXWXM,1,0,0.307578555,Low Risk
8450-JOVAH,1,0,0.315587478,Low Risk
4550-VBOFE,1,0,0.381321365,Low Risk
9546-CQJSU,1,1,0.749728582,High Risk
4789-KWMXN,1,0,0.211539626,Low Risk
0835-DUUIQ,0,0,0.031200836,Low Risk
1855-AGAWH,0,0,0.389968443,Low Risk
9079-YEXQJ,1,0,0.310423937,Low Risk
3577-AMVUX,0,0,0.291431891,Low Risk
2316-ESMLS,0,0,0.107406411,Low Risk
9426-SXNHE,0,0,0.184806376,Low Risk
8550-XSXUQ,0,0,0.101265862,Low Risk
0723-DRCLG,1,1,0.766341833,High Risk
2176-OSJUV,0,0,0.004605601,Low Risk
0107-WESLM,1,0,0.269141648,Low Risk
8626-XHBIE,0,0,0.006785735,Low Risk
0188-GWFLE,0,0,0.207253459,Low Risk
8166-ZZTFS,1,0,0.046072396,Low Risk
5774-QPLTF,0,0,0.014476029,Low Risk
0929-PECLO,0,0,0.347220462,Low Risk
5696-QURRL,1,0,0.479565752,Medium Risk
8124-NZVGJ,0,0,0.432466858,Medium Risk
4130-MZLCC,0,0,0.288166578,Low Risk
4489-SNOJF,1,0,0.093389337,Low Risk
8984-HPEMB,0,0,0.070701311,Low Risk
4615-PIVVU,0,0,0.026955417,Low Risk
6848-HJTXY,0,0,0.002751012,Low Risk
8757-TFHHJ,0,0,0.337698247,Low Risk
4603-JANFB,1,1,0.655422262,Medium Risk
8565-HBFNN,0,0,0.090138841,Low Risk
7422-WNBTY,0,1,0.517877431,Medium Risk
4712-UYOOI,0,0,0.087242695,Low Risk
3372-CDXFJ,0,0,0.066450903,Low Risk
5353-WILCI,0,0,0.103256848,Low Risk
0988-AADSA,0,0,0.006775388,Low Risk
8270-RKSAP,0,1,0.590221528,Medium Risk
5954-BDFSG,0,0,0.098245962,Low Risk
5792-JALQC,0,0,0.016724525,Low Risk
2202-OUTMO,0,0,0.11852604,Low Risk
9028-LIHRP,0,0,0.015798706,Low Risk
9150-KPBJQ,0,0,0.044064039,Low Risk
4003-OCTMP,0,0,0.07729253,Low Risk
8775-LHDJH,1,1,0.770350613,High Risk
6770-UAYGJ,0,0,0.007564636,Low Risk
7596-IIWYC,0,0,0.021752302,Low Risk
0887-WBJVH,0,0,0.193158325,Low Risk
8840-DQLGN,1,0,0.34100361,Low Risk
8413-VONUO,1,1,0.638989553,Medium Risk
9281-PKKZE,0,0,0.303536608,Low Risk
5186-PEIZU,0,0,0.041821701,Low Risk
6339-YPSAH,0,1,0.576165297,Medium Risk
2324-EFHVG,0,0,0.112181134,Low Risk
1918-ZBFQJ,1,1,0.51618316,Medium Risk
6968-GMKPR,0,0,0.223710619,Low Risk
3062-ICYZQ,0,0,0.255836307,Low Risk
2233-FAGXV,0,0,0.277267307,Low Risk
6017-PPLPX,1,0,0.471780165,Medium Risk
1982-FEBTD,0,0,0.03248258,Low Risk
9705-IOVQQ,0,0,0.180913718,Low Risk
6288-CHQJB,0,0,0.009788195,Low Risk
3315-TOTBP,1,1,0.622854269,Medium Risk
6096-EGVTU,0,0,0.007622856,Low Risk
2937-FTHUR,0,0,0.234237764,Low Risk
4062-HBMOS,0,0,0.44295085,Medium Risk
2387-KDZQY,0,0,0.077393144,Low Risk
4609-KNNWG,0,0,0.016165841,Low Risk
0409-WTMPL,0,0,0.211721938,Low Risk
3766-EJLFL,0,0,0.056463816,Low Risk
4232-JGKIY,0,0,0.203255678,Low Risk
0334-ZFJSR,0,0,0.026003204,Low Risk
6582-OIVSP,0,0,0.406650821,Medium Risk
8661-BOYNW,0,0,0.018792611,Low Risk
4257-GAESD,0,1,0.606015565,Medium Risk
8785-CJSHH,0,0,0.430374077,Medium Risk
5469-CTCWN,1,0,0.167783173,Low Risk
2839-RFSQE,1,0,0.21823871,Low Risk
4890-VMUAV,0,0,0.014574067,Low Risk
3365-SAIGS,0,1,0.532558209,Medium Risk
0946-CLJTI,1,1,0.507240074,Medium Risk
3920-HIHMQ,0,0,0.265329384,Low Risk
5307-UVGNB,0,0,0.091021683,Low Risk
8780-RSYYU,0,0,0.10004566,Low Risk
0742-NXBGR,1,1,0.62334184,Medium Risk
8067-NIOYM,0,0,0.024251515,Low Risk
5916-QEWPT,0,0,0.491685613,Medium Risk
1029-QFBEN,1,0,0.213919607,Low Risk
9251-WNSOD,0,0,0.03106556,Low Risk
6576-FBXOJ,0,0,0.247007628,Low Risk
2501-XWWTZ,0,0,0.485260897,Medium Risk
6080-LNESI,0,0,0.007200732,Low Risk
7245-NIIWQ,0,1,0.650292391,Medium Risk
6567-HOOPW,1,1,0.740446576,High Risk
4550-EVXNY,1,1,0.622019582,Medium Risk
6437-UDQJM,0,0,0.02745757,Low Risk
0297-RBCSG,0,0,0.125310159,Low Risk
2097-YVPKN,0,0,0.003844283,Low Risk
0853-NWIFK,0,0,0.198215139,Low Risk
4853-OITSN,0,1,0.657689195,Medium Risk
6128-DAFVY,0,0,0.207957975,Low Risk
1197-BVMVG,0,1,0.732805932,High Risk
7508-DQAKK,0,0,0.017345908,Low Risk
9938-PRCVK,0,0,0.006807439,Low Risk
0289-IVARM,0,0,0.077325309,Low Risk
8260-NGFNY,1,1,0.564439269,Medium Risk
7074-IEVOJ,1,1,0.698587453,Medium Risk
6614-YWYSC,0,0,0.004890632,Low Risk
8473-VUVJN,1,1,0.73953614,High Risk
6693-DJWTY,0,0,0.032290713,Low Risk
3655-SNQYZ,0,0,0.036499734,Low Risk
2845-KDHVX,0,0,0.016788885,Low Risk
5027-YOCXN,0,0,0.106287509,Low Risk
8884-MRNSU,0,0,0.042790311,Low Risk
0567-XRHCU,0,0,0.013934361,Low Risk
5868-CZJDR,1,1,0.54963158,Medium Risk
